cobalto,,,,,,,,,,,,
,,,,,,,,,1 - 0.25- 0.5 - 0.75,,,
,,EN LA COLUMNA CANTIDAD PONER ELNUMERO DE AMPOLLAS,,,,,,,,PONER LA CANTIDAD QUE UTILIZA,,
,,,,AMPOLLAS INDIVIDUALES,,,,,,,PONER CANTIDAD DE AMPOLLAS,
,PROVEEDOR,MARCA,TIPO,COMPUESTO,PADECIMIENTOS,ML,PVM,%,PVP,PONER DOSIS,,TOTAL
,nathurfarma,HEIL PRO,MINERAL,TODAS,"Osteoporosis, trastornos del crecimiento",10,$4.43,40%,$7.38,,,$0.00
,nathurfarma,HEIL PRO,MINERAL,CALCIO Vial X 10ml,"Calcificacion, calambres, palpitaciones cardiacas",10,$3.97,40%,$6.62,,,$0.00
,nathurfarma,HEIL PRO,MINERAL,COBALTO Vial X 10ml,síndrome fatiga crónica,10,$4.43,40%,$7.38,,,$0.00
,nathurfarma,HEIL PRO,MINERAL,COBRE Vial X 10ml,alergias de todo tipo,10,$3.97,40%,$6.62,,,$0.00
,nathurfarma,HEIL PRO,MINERAL,CROMO Vial X 10ml,envejecimientoprematuro,10,$4.43,40%,$7.38,,,$0.00
,nathurfarma,HEIL PRO,MINERAL,FOSFORO NA Vial X 10ml,Espasmofilia,10,$3.97,40%,$6.62,,,$0.00
,nathurfarma,HEIL PRO,MINERAL,GERMANIO Vial X 10ml,desvitalización general,10,$4.67,40%,$7.78,,,$0.00
,nathurfarma,HEIL PRO,MINERAL,LITIO Vial X 10 ML,"Hiperemotividad, estados depresivos",10,$3.97,40%,$6.62,,,$0.00
,nathurfarma,HEIL PRO,MINERAL,MAGNESIO Vial X 10ml,"Regula el ritmo cardiaco, regula niveles de azucar, circulacion, nervios",10,$3.97,40%,$6.62,,,$0.00
,nathurfarma,HEIL PRO,MINERAL,MANGANESO Vial X 10ml,"antioxidante, infecciones gripales",10,$3.97,40%,$6.62,,,$0.00
,nathurfarma,HEIL PRO,MINERAL,MOLIBDENO Vial X 10ml,"antioxidante,exceso ácido úrico",10,$4.43,40%,$7.38,,,$0.00
,nathurfarma,HEIL PRO,MINERAL,NIQUEL Vial X 10ml,"Regula los niveles de adrenalina, aumenta la accion de la insulina",10,$3.97,40%,$6.62,,,$0.00
,nathurfarma,HEIL PRO,MINERAL,POTASIO Vial X 10ml,trastornos cardiovasculares,10,$4.43,40%,$7.38,,,$0.00
,nathurfarma,HEIL PRO,MINERAL,SELENIO Vial X 10ml,enfermedades prostáticas,10,$4.43,40%,$7.38,,,$0.00
,nathurfarma,HEIL PRO,MINERAL,SILICIO Vial x 10ml,indispensable para la sintesis del colageno,10,$4.20,40%,$7.00,,,$0.00
,nathurfarma,HEIL PRO,MINERAL,VANADIO Vial X 10ml,"triglicéridos, obesidad, celulitis",10,$4.43,40%,$7.38,,,$0.00
,nathurfarma,HEIL PRO,MINERAL,ZINC Vial X 10ml,"trastornos fertilidad, impotencia",10,$3.97,40%,$6.62,,,$0.00
,nathurfarma,HEIL PRO,AMINO,L- LEUCINE Vial 10 ml,"Fuente de energia, parte fundamentasl en la formacion de proteina en los musculos.",10,$9.52,40%,$15.87,,,$0.00
,nathurfarma,HEIL PRO,AMINO,TODAS,"Aumenta la resistencia y fuerza muscular. Mantiene niveles de azucar, funsion gastrointestina",10,$10.08,40%,$16.80,1,0.5,$8.40
,nathurfarma,HEIL PRO,AMINO,L-ASPARAGINE Vial 10 ml,"Mantiene la memoria a largo plazo, elimina toxinas y disminuye la fatiga",10,$9.52,40%,$15.87,,,$0.00
,nathurfarma,HEIL PRO,AMINO,L-ASPARTIC ACD Vial 10 ml,"Aumenta la resistencia y el rendimiento físico, recom. para deportistas y 3era edad",10,$9.13,40%,$15.22,,,$0.00
,nathurfarma,HEIL PRO,AMINO,L-CARNITINE Vial 10 ml,Estimula la pérdida de peso al transformar la grasa en energia de forma optica y mejora la circulacio,10,$9.52,40%,$15.87,,,$0.00
,nathurfarma,HEIL PRO,AMINO,L-LYSINE Vial 10 ml,"Previene la proliferacion de virus. Reduce el síndrome de fatica crónica, ayuda prod. Colageno",10,$9.13,40%,$15.22,,,$0.00
,nathurfarma,HEIL PRO,AMINO,L-METHIONINE Vial 10 ml,"Participa en la descomposicion e las grasas, favorece el crecimiento de las uñas y mejora la piel , re",10,$9.13,40%,$15.22,,,$0.00
,nathurfarma,HEIL PRO,AMINO,L-TRYPTOPHAN Vial 10 ml,"Participa en la síntesis de serotonina y melatonina, mejora la calidad de sueño y estado de animo",10,$9.52,40%,$15.87,,,$0.00
,nathurfarma,HEIL PRO,AMINO,L-VALINE Vial 10 ml,Poderosa fuente de enercia energia en general y antioxidante.,10,$9.52,40%,$15.87,,,$0.00
,nathurfarma,HEIL PRO,AMINO,TAURINE Vial 10 ml,Actua como neurotransmisor favoreciendo la actividad neuronal.,10,$9.52,40%,$15.87,,,$0.00
,nathurfarma,HEIL PRO,AMINO,L-PROLINE Vial X 10 ml,"Favorece la formacion de tejidos sanos. Cicatrización, fortalece articulaciones y tendones",10,$9.52,40%,$15.87,,,$0.00
,nathurfarma,HEIL PRO,AMINO,N-ACETYL L-TYROSINE Vial X 10 ml,previene la depresion y favorece la formacion de tejidos,10,$9.52,40%,$15.87,,,$0.00
,nathurfarma,HEIL PRO,AMINO,N-ACETYL L-CYSTEINE Vial X 10 ml,"promueve la desintoxicacion, mejora la sintesis de la glutationa, antinoxidante , hepatoprotectora",10,$9.52,40%,$15.87,,,$0.00
,nathurfarma,HEIL PRO,AMINO,L-PHENYLALANINEVial X 10 ml,"Aumenta la concentración, combate la depresión, disminuye la migraña, el apetito y controla el ritm",10,$9.13,40%,$15.22,,,$0.00
,nathurfarma,HEIL PRO,AMINO,-THREONINE Vial X 10 ml,"Metaboliza las grasas que se depositan en det.órganos, Ayuda form. Esmalte dental, elastina",10,$9.13,40%,$15.22,,,$0.00
,nathurfarma,HEIL PRO,AMINO,L-ARGININE Vial 10 ml,"Estimula el sistema inmune, favorece la cicatrizacion y es recomendable en lesiones deportivas",10,$9.52,40%,$15.87,,,$0.00
,nathurfarma,HEIL PRO,MINERALES COMBINADOS,COBRE-ORO-PLATA Vial X 10 ml,falta de memoria y concentración,10,$4.67,40%,$7.78,,,$0.00
,nathurfarma,HEIL PRO,MINERALES COMBINADOS,MM16 FORTE + SI+V Vial X 10 ml,18 minerales juntos (SILICIO Y VANADIO),10,$13.63,40%,$22.72,,,$0.00
,nathurfarma,HEIL PRO,MINERALES COMBINADOS,MSM 200 Mg Vial X 10 ml,Metilsulfonilmetano,10,$13.40,40%,$22.33,,,$0.00
,nathurfarma,HEIL PRO,SUST COMBINADO,A-A Y G Vial X 10 ml,"L-Glicine ILE, L-leucine, L-valine (ANABOLIZANTE CON GLUTAMINA)",10,$23.52,40%,$39.20,,,$0.00
,nathurfarma,HEIL PRO,SUST COMBINADO,A-ADC MN Vial x 10ml,"Addiciones (L.Arg, L.Asn, L. Cys B, L.Gln, L.Met, L.Trp, N-A-T)",10,$22.40,40%,$37.33,,,$0.00
,nathurfarma,HEIL PRO,SUST COMBINADO,A-ADLR Vial X 10 ml,"L-Metheionine, L-tryptophan, L-Phenylalanine, L-SER (DOLOR)",10,$11.79,40%,$19.65,,,$0.00
,nathurfarma,HEIL PRO,SUST COMBINADO,A-COGN+Ascorbato Na12gr Fco. X 50 ml,"(L-arginine, L-Carnitine, L-Cysteine, Glycine, L-Histidine, L-Leucine,",50,$40.32,40%,$67.20,,,$0.00
,nathurfarma,HEIL PRO,SUST COMBINADO,A-DBT Vial X 10 ml,"L-Lysine, L-Methionine, L-Proline, L-Threonine, Ascorbato de Sodio)(FORMULA DEL COLAGENO)",10,$19.04,40%,$31.73,,,$0.00
,nathurfarma,HEIL PRO,SUST COMBINADO,A-DPR Vial X 10 ml,"(L-Alanine, L-Glutamine, L-isoleucine, L-Leucine, L-Lysine, Taurine)(DIABETES)",10,$28.00,40%,$46.67,,,$0.00
,nathurfarma,HEIL PRO,SUST COMBINADO,A-DTX MN Vial X 10 ml,"(Glycine, L-Aspartic acid, L-Asparagine, L-Glutamic Acid, L-Glutamine,",10,$23.52,40%,$39.20,,,$0.00
,nathurfarma,HEIL PRO,SUST COMBINADO,A-EDI Vial X 10 ml,"L-Lysine, L-Methionine, L-Phenylalanine, L-Tryptophan, N-Acetyl l-tryrosine) (DEPRESIONES Y RELACIONADAS)",10,$14.00,40%,$23.33,,,$0.00
,nathurfarma,HEIL PRO,SUST COMBINADO,A-EMU Vial X 10 ml,"L-CYSB, GLY, L-CYS, L-Glutamine, L-Methanine L-Thripthopan, N-A-C, Taurina ( DETOX HIGADO FASE I Y II)",10,$18.67,40%,$31.12,,,$0.00
,nathurfarma,HEIL PRO,SUST COMBINADO,A-ES Vial X 10 ml,"(Glycine, L-Arginine, L-Cartinitine, L-Cysteine, L-Cysteine, (AMINOACIDOS ESENCIALES)",10,$18.67,40%,$31.12,,,$0.00
,nathurfarma,HEIL PRO,SUST COMBINADO,A-GSI Vial X 10 ml,"L-Glutamine, L-Histidine, L-Phenylalanine, Taurine, Piridoxna HCI)(problemas hepatobiliares)",10,$15.68,40%,$26.13,,,$0.00
,nathurfarma,HEIL PRO,SUST COMBINADO,A-HER Vial X 10 ml +Ascorbato Na 12.5gr Fco. X,"L-ALA, L-GLN, L-HIS, L-ISO, L-Leucine, L-Thereonine, L-Valine, Acido Alfa Lipoico ( ESCLEROISIS MULTIPLES)",10,$44.80,40%,$74.67,,,$0.00
,nathurfarma,HEIL PRO,SUST COMBINADO,A-NES Vial X 10 ml,"L-ILE, L-Leucine, L-Lycine, L-Methionine, L-phenylalanine, L-Threonine, L-Trypthopan, L-Valine  (AMINOACIDOS NO ESENCIALES)
",10,$21.62,40%,$36.03,,,$0.00
,nathurfarma,HEIL PRO,SUST COMBINADO,A-P y C Vial X 10 ml,"L-Lysine, L-Proline, L-Threreonine (PIEL&CARTILAGO + D-PANTENOL)",10,$13.26,40%,$22.10,,,$0.00
,nathurfarma,HEIL PRO,SUST COMBINADO,A-PRK Vial X 10 ml,"(L-methionine, l-phenylalanine,n-acetyl l-tyrosine)Parkinson y relacionadas",10,$16.70,40%,$27.83,,,$0.00
,nathurfarma,HEIL PRO,SUST COMBINADO,A-RAD Vial X 10 ml +Ascorbato Na 12.5gr Fco. X,"(L-Cysteine, Glycine, Taurine, Ascorbato de Sodio)(RADIACIONES)",10,$28.00,40%,$46.67,,,$0.00
,nathurfarma,HEIL PRO,SUST COMBINADO,A-SIGA EO Vial X 10 ml,"Glycina, L-Glutation, L-Glutamine, L-Tripthopan, N-A-T,Taurine( STRESS/IRRITABILIDAD+GABA)",10,$13.26,40%,$22.10,,,$0.00
,nathurfarma,HEIL PRO,SUST COMBINADO,EDTA Mg AP Neutro compuesto Fco X 50 ml,"edta 1,5 gr, Ngbesui 0,1gr, l-Ascorbato de Na 9,0gr, Piridoxina 0,1gr(Acido Diaminotetracético)",50,$28.00,40%,$46.67,,,$0.00
,nathurfarma,HEIL PRO,SUST COMBINADO,EDTA Mg Neutro Vial X 10 ml,"Edta 1,5 gr, Ngbesui 0,1gr (Acido Diaminotetracético)",10,$5.83,40%,$9.72,,,$0.00
,nathurfarma,HEIL PRO,SUST COMBINADO,R-C Mathias Rath Fco. X 50 ml,"(L-Ascorbato de Na 9,0gr, l-lysine 2,0rf, l-proline 0,1gr, l-arginine 0,5gr, n-acetyl l-cysteine 0,75gr, maganeso 0,01gr",50,$50.01,40%,$83.35,,,$0.00
,nathurfarma,HEIL PRO,SUST COMBINADO,SAOX (Anti oxidantes) Fco. x 50ml,"(L-Glutation 1,0 g, Acido alfa lipòico 0,3gr, Ascorbato de Sodio 9,0 gr) super anti oxidante",50,$35.00,40%,$58.33,,,$0.00
,nathurfarma,HEIL PRO,OTRAS,C. MYERS (R-CMY) Frasco X50ML,"( L.Ascorbato NA 5.62, B2,3,5,6,12 Y Magnesio Cloruro)",50,$22.40,40%,$37.33,,,$0.00
,nathurfarma,HEIL PRO,OTRAS,D-RIBOSA 100 mg/ml x 5ml,esencial para el desarrollo del proceso del metabolismo que permite la produccion de atp,5,$17.03,40%,$28.38,,,$0.00
,,,,VIT B,Complexigeme,10,$3.00,40%,$5.00,,,$0.00
,,,,VIT C,Vit C 15 gramos VITASCORP,15,$14.00,40%,$23.33,,,$0.00
,,,,VIT C,Vitc C 12.5g/50ml INJEKTOPAS,12.5,$10.75,40%,$17.92,,,$0.00
,,,,VIT C,Vitc C 25g/100ml INJEKTOPAS,25,$16.00,40%,$26.67,,,$0.00
,,,,VIT C,Vitc C 50g/100ml INJEKTOPAS,50,$24.00,40%,$40.00,,,$0.00
,,ACTIBELL,,TODAS,BioComplex Oligoelementos 10ml,,$5.50,40%,$9.17,,,$0.00
,ROCAB PHARMA,LHA,,TODAS,Ampolla LHA (cualquiera),,$3.90,40%,$6.50,,,$0.00
,ESCOLLANOS,RECKEWEG,,TODAS,Ampolla Reckeweg (cualquiera),,$3.71,40%,$6.18,,,$0.00
,,ACTIBELL,,TODAS,"Ampollas marca Actibell (glutatione, acido alfa lipoico, coenzima q10) 2ml",2,$3.00,40%,$5.00,,,$0.00
,,HEEL,,TODAS,Ampollas HEEL (cualquiera),,$3.90,40%,$6.50,,,$0.00
,,PASCOE,,TODAS,Ampollas Pascoe (cualquiera),,$3.20,40%,$5.33,,,$0.00
,,,,CIENCIANOVA,Ampolla Complejo B/B12 CIENCIANOVA 20 ml,20,$5.00,40%,$8.33,,,$0.00
,NATHURPARMA,,,Neural / Muscle / Lumbar / Tissue 2ml,,2,$6.67,40%,$11.12,,,$0.00
,SAEDA,,,AMIN-NAD 10ML,,10,$18.80,40%,$31.33,,,$0.00
,SAEDA,,,ASCOR-NAD 50ML,,50,$25.00,40%,$41.67,,,$0.00
,SAEDA,,,MULTI B COMPLEX (MYERS),,50,$25.00,40%,$41.67,,,$0.00
,COLOMBIA,ECAR,,TIAMINA 100mg/mL,,10,$2.00,40%,$3.33,,,$0.00
,ROCAPHARMA,KREUZBER,,ACIDO ALFA LIPOICO 50MG/ML,,20,$15.00,40%,$25.00,,,$0.00
,ROCAPHARMA,KREUZBER,,L CARNITINA 100MG/ML,,20,$9.00,40%,$15.00,,,$0.00
,ROCAPHARMA,KREUZBER,,L LISINA 150MG/ML,,10,$9.00,40%,$15.00,,,$0.00
,ROCAPHARMA,KREUZBER,,TRIPTOFANO ,,10,$10.00,40%,$16.67,,,$0.00
,ROCAPHARMA,KREUZBER,,ASCORBATO DE PROCAINA 40MG/ML,,10,$8.00,40%,$13.33,,,$0.00
,ROCAPHARMA,KREUZBER,,DMSO PLUS + MSM,,50,$20.00,40%,$33.33,,,$0.00
,ROCAPHARMA,KREUZBER,,MSM,,100,$20.00,40%,$33.33,,,$0.00
,ROCAPHARMA,KREUZBER,,ROXICAINA 2%,,50,$3.60,40%,$6.00,,,$0.00
,ROCAPHARMA,KREUZBER,,IMPLETOL,,50,$9.77,40%,$16.28,,,$0.00
,ROCAPHARMA,KREUZBER,,IMPLETOL,,100,$20.50,40%,$34.17,,,$0.00
,ROCAPHARMA,KREUZBER,,CLORURO CA,,10,$8.00,40%,$13.33,,,$0.00
,ROCAPHARMA,KREUZBER,,CR CROMO,,10,$4.50,40%,$31.33,,,$0.00
,SAEDA,,,DTX SKIN ,,30,$16.90,40%,$11.12,,,$0.00
,,,,AZUL DE METILENO,,10,$10.00,40%,$16.67,,,$0.00
,,,,LITIO Vial X 10 ML,,10,$6.50,40%,$10.83,,,$0.00
,,,,AMPOLLAS PHARMA HEALTH,,2,$3.30,40%,$5.50,,,$0.00
,,,,NAD 100MG/200MG,,10,$12.50,40%,$20.83,,,$0.00
,,,,ACTINA/B COMPLEX /AMINOACID MARCA PINEDA,,2,$9.00,40%,$15.00,,,$0.00
,,,,,,,,40%,$0.00,,,$0.00
,,,,,,,,40%,$0.00,,,$0.00
,,,,,,,,40%,$0.00,,,$0.00
,,,,,,,,40%,$0.00,,,$0.00
,,,,,,,,40%,$0.00,,,$0.00
,,,,,,,,40%,$0.00,,,$0.00
,,,,,,,,40%,$0.00,,,$0.00
,,,,,,,,40%,$0.00,,,$0.00
,,,,,,,,40%,$0.00,,,$0.00
,,,,,,,,40%,$0.00,,,$0.00
,,,,,,,,40%,$0.00,,,$0.00
,,,,,,,,40%,$0.00,,,$0.00
,,,,,,,,40%,$0.00,,,$0.00
,,,,,,,,40%,$0.00,,,$0.00
,,,,,,,,40%,$0.00,,,$0.00
,,,,,,,,40%,$0.00,,,$0.00
,,,,,,,,40%,$0.00,,,$0.00
,,,,,,,,40%,$0.00,,,$0.00
,,,,,,,,40%,$0.00,,,$0.00
,,,,,,,,40%,$0.00,,,$0.00
,,,,,,,,,TOTAL,,0.5,$8.40
,,,,,,,,,,,,
,,,,,,,,,,,,
,,,,,,,,,,,,
,,,,,,,,,,,,
,,,,,,,,,,,,
,,,,,,,,,,,,
,,,,,,,,,,,,
,,,,,,,,,,,,
,,,,,,,,,,,,
,,,,,,,,,,,,
,,,,,,,,,,,,
,,,,,,,,,,,,
,,,,,,,,,,,,
,,,,,,,,,,,,
,,,,,,,,,,,,
,,,,,,,,,,,,
,,,,,,,,,,,,
,,,,,,,,,,,,
,,,,,,,,,,,,
,,,,,,,,,,,,
,,,,,,,,,,,,
,,,,,,,,,,,,
,,,,,,,,,,,,
,,,,,,,,,,,,
,,,,,,,,,,,,
,,,,,,,,,,,,
,,,,,,,,,,,,
,,,,,,,,,,,,
,,,,,,,,,,,,
,,,,,,,,,,,,
,,,,,,,,,,,,
,,,,,,,,,,,,
,,,,,,,,,,,,
,,,,,,,,,,,,
,,,,,,,,,,,,
,,,,,,,,,,,,
,,,,,,,,,,,,
,,,,,,,,,,,,
,,,,,,,,,,,,
,,,,,,,,,,,,
,,,,,,,,,,,,
,,,,,,,,,,,,
,,,,,,,,,,,,
,,,,,,,,,,,,
,,,,,,,,,,,,
,,,,,,,,,,,,
,,,,,,,,,,,,
,,,,,,,,,,,,
,,,,,,,,,,,,
,,,,,,,,,,,,
,,,,,,,,,,,,
,,,,,,,,,,,,
,,,,,,,,,,,,
,,,,,,,,,,,,
,,,,,,,,,,,,
,,,,,,,,,,,,
,,,,,,,,,,,,
,,,,,,,,,,,,
,,,,,,,,,,,,
,,,,,,,,,,,,
,,,,,,,,,,,,
,,,,,,,,,,,,
,,,,,,,,,,,,
,,,,,,,,,,,,
,,,,,,,,,,,,
,,,,,,,,,,,,
,,,,,,,,,,,,
,,,,,,,,,,,,
,,,,,,,,,,,,
,,,,,,,,,,,,
,,,,,,,,,,,,
,,,,,,,,,,,,
,,,,,,,,,,,,
,,,,,,,,,,,,
,,,,,,,,,,,,
,,,,,,,,,,,,
,,,,,,,,,,,,
,,,,,,,,,,,,
,,,,,,,,,,,,
,,,,,,,,,,,,
,,,,,,,,,,,,
,,,,,,,,,,,,
,,,,,,,,,,,,
,,,,,,,,,,,,
,,,,,,,,,,,,
,,,,,,,,,,,,
,,,,,,,,,,,,
,,,,,,,,,,,,
,,,,,,,,,,,,
,,,,,,,,,,,,
,,,,,,,,,,,,
,,,,,,,,,,,,
,,,,,,,,,,,,
,,,,,,,,,,,,
,,,,,,,,,,,,
,,,,,,,,,,,,
,,,,,,,,,,,,
,,,,,,,,,,,,
,,,,,,,,,,,,
,,,,,,,,,,,,
,,,,,,,,,,,,
,,,,,,,,,,,,
,,,,,,,,,,,,
,,,,,,,,,,,,
,,,,,,,,,,,,
,,,,,,,,,,,,
,,,,,,,,,,,,
,,,,,,,,,,,,
,,,,,,,,,,,,
,,,,,,,,,,,,
,,,,,,,,,,,,
,,,,,,,,,,,,
,,,,,,,,,,,,
,,,,,,,,,,,,
,,,,,,,,,,,,
,,,,,,,,,,,,
,,,,,,,,,,,,
,,,,,,,,,,,,
,,,,,,,,,,,,
,,,,,,,,,,,,
,,,,,,,,,,,,
,,,,,,,,,,,,
,,,,,,,,,,,,
,,,,,,,,,,,,
,,,,,,,,,,,,
,,,,,,,,,,,,
,,,,,,,,,,,,
,,,,,,,,,,,,
,,,,,,,,,,,,
,,,,,,,,,,,,
,,,,,,,,,,,,
,,,,,,,,,,,,
,,,,,,,,,,,,
,,,,,,,,,,,,
,,,,,,,,,,,,
,,,,,,,,,,,,
,,,,,,,,,,,,
,,,,,,,,,,,,
,,,,,,,,,,,,
,,,,,,,,,,,,
,,,,,,,,,,,,
,,,,,,,,,,,,
,,,,,,,,,,,,
,,,,,,,,,,,,
,,,,,,,,,,,,
,,,,,,,,,,,,
,,,,,,,,,,,,
,,,,,,,,,,,,
,,,,,,,,,,,,
,,,,,,,,,,,,
,,,,,,,,,,,,
,,,,,,,,,,,,
,,,,,,,,,,,,
,,,,,,,,,,,,
,,,,,,,,,,,,
,,,,,,,,,,,,
,,,,,,,,,,,,
,,,,,,,,,,,,
,,,,,,,,,,,,
,,,,,,,,,,,,
,,,,,,,,,,,,
,,,,,,,,,,,,
,,,,,,,,,,,,
,,,,,,,,,,,,
,,,,,,,,,,,,
,,,,,,,,,,,,
,,,,,,,,,,,,
,,,,,,,,,,,,
,,,,,,,,,,,,
,,,,,,,,,,,,
,,,,,,,,,,,,
,,,,,,,,,,,,
,,,,,,,,,,,,
,,,,,,,,,,,,
,,,,,,,,,,,,
,,,,,,,,,,,,
,,,,,,,,,,,,
,,,,,,,,,,,,
,,,,,,,,,,,,
,,,,,,,,,,,,
,,,,,,,,,,,,
,,,,,,,,,,,,
,,,,,,,,,,,,
,,,,,,,,,,,,
,,,,,,,,,,,,
,,,,,,,,,,,,
,,,,,,,,,,,,
,,,,,,,,,,,,
,,,,,,,,,,,,
,,,,,,,,,,,,
,,,,,,,,,,,,
,,,,,,,,,,,,
,,,,,,,,,,,,
,,,,,,,,,,,,
,,,,,,,,,,,,
,,,,,,,,,,,,
,,,,,,,,,,,,
,,,,,,,,,,,,
,,,,,,,,,,,,
,,,,,,,,,,,,
,,,,,,,,,,,,
,,,,,,,,,,,,
,,,,,,,,,,,,
,,,,,,,,,,,,
,,,,,,,,,,,,
,,,,,,,,,,,,
,,,,,,,,,,,,
,,,,,,,,,,,,
,,,,,,,,,,,,
,,,,,,,,,,,,
,,,,,,,,,,,,
,,,,,,,,,,,,
,,,,,,,,,,,,
,,,,,,,,,,,,
,,,,,,,,,,,,
,,,,,,,,,,,,
,,,,,,,,,,,,
,,,,,,,,,,,,
,,,,,,,,,,,,
,,,,,,,,,,,,
,,,,,,,,,,,,
,,,,,,,,,,,,
,,,,,,,,,,,,
,,,,,,,,,,,,
,,,,,,,,,,,,
,,,,,,,,,,,,
,,,,,,,,,,,,
,,,,,,,,,,,,
,,,,,,,,,,,,
,,,,,,,,,,,,
,,,,,,,,,,,,
,,,,,,,,,,,,
,,,,,,,,,,,,
,,,,,,,,,,,,
,,,,,,,,,,,,
,,,,,,,,,,,,
,,,,,,,,,,,,
,,,,,,,,,,,,
,,,,,,,,,,,,
,,,,,,,,,,,,
,,,,,,,,,,,,
,,,,,,,,,,,,
,,,,,,,,,,,,
,,,,,,,,,,,,
,,,,,,,,,,,,
,,,,,,,,,,,,
,,,,,,,,,,,,
,,,,,,,,,,,,
,,,,,,,,,,,,
,,,,,,,,,,,,
,,,,,,,,,,,,
,,,,,,,,,,,,
,,,,,,,,,,,,
,,,,,,,,,,,,
,,,,,,,,,,,,
,,,,,,,,,,,,
,,,,,,,,,,,,
,,,,,,,,,,,,
,,,,,,,,,,,,
,,,,,,,,,,,,
,,,,,,,,,,,,
,,,,,,,,,,,,
,,,,,,,,,,,,
,,,,,,,,,,,,
,,,,,,,,,,,,
,,,,,,,,,,,,
,,,,,,,,,,,,
,,,,,,,,,,,,
,,,,,,,,,,,,
,,,,,,,,,,,,
,,,,,,,,,,,,
,,,,,,,,,,,,
,,,,,,,,,,,,
,,,,,,,,,,,,
,,,,,,,,,,,,
,,,,,,,,,,,,
,,,,,,,,,,,,
,,,,,,,,,,,,
,,,,,,,,,,,,
,,,,,,,,,,,,
,,,,,,,,,,,,
,,,,,,,,,,,,
,,,,,,,,,,,,
,,,,,,,,,,,,
,,,,,,,,,,,,
,,,,,,,,,,,,
,,,,,,,,,,,,
,,,,,,,,,,,,
,,,,,,,,,,,,
,,,,,,,,,,,,
,,,,,,,,,,,,
,,,,,,,,,,,,
,,,,,,,,,,,,
,,,,,,,,,,,,
,,,,,,,,,,,,
,,,,,,,,,,,,
,,,,,,,,,,,,
,,,,,,,,,,,,
,,,,,,,,,,,,
,,,,,,,,,,,,
,,,,,,,,,,,,
,,,,,,,,,,,,
,,,,,,,,,,,,
,,,,,,,,,,,,
,,,,,,,,,,,,
,,,,,,,,,,,,
,,,,,,,,,,,,
,,,,,,,,,,,,
,,,,,,,,,,,,
,,,,,,,,,,,,
,,,,,,,,,,,,
,,,,,,,,,,,,
,,,,,,,,,,,,
,,,,,,,,,,,,
,,,,,,,,,,,,
,,,,,,,,,,,,
,,,,,,,,,,,,
,,,,,,,,,,,,
,,,,,,,,,,,,
,,,,,,,,,,,,
,,,,,,,,,,,,
,,,,,,,,,,,,
,,,,,,,,,,,,
,,,,,,,,,,,,
,,,,,,,,,,,,
,,,,,,,,,,,,
,,,,,,,,,,,,
,,,,,,,,,,,,
,,,,,,,,,,,,
,,,,,,,,,,,,
,,,,,,,,,,,,
,,,,,,,,,,,,
,,,,,,,,,,,,
,,,,,,,,,,,,
,,,,,,,,,,,,
,,,,,,,,,,,,
,,,,,,,,,,,,
,,,,,,,,,,,,
,,,,,,,,,,,,
,,,,,,,,,,,,
,,,,,,,,,,,,
,,,,,,,,,,,,
,,,,,,,,,,,,
,,,,,,,,,,,,
,,,,,,,,,,,,
,,,,,,,,,,,,
,,,,,,,,,,,,
,,,,,,,,,,,,
,,,,,,,,,,,,
,,,,,,,,,,,,
,,,,,,,,,,,,
,,,,,,,,,,,,
,,,,,,,,,,,,
,,,,,,,,,,,,
,,,,,,,,,,,,
,,,,,,,,,,,,
,,,,,,,,,,,,
,,,,,,,,,,,,
,,,,,,,,,,,,
,,,,,,,,,,,,
,,,,,,,,,,,,
,,,,,,,,,,,,
,,,,,,,,,,,,
,,,,,,,,,,,,
,,,,,,,,,,,,
,,,,,,,,,,,,
,,,,,,,,,,,,
,,,,,,,,,,,,
,,,,,,,,,,,,
,,,,,,,,,,,,
,,,,,,,,,,,,
,,,,,,,,,,,,
,,,,,,,,,,,,
,,,,,,,,,,,,
,,,,,,,,,,,,
,,,,,,,,,,,,
,,,,,,,,,,,,
,,,,,,,,,,,,
,,,,,,,,,,,,
,,,,,,,,,,,,
,,,,,,,,,,,,
,,,,,,,,,,,,
,,,,,,,,,,,,
,,,,,,,,,,,,
,,,,,,,,,,,,
,,,,,,,,,,,,
,,,,,,,,,,,,
,,,,,,,,,,,,
,,,,,,,,,,,,
,,,,,,,,,,,,
,,,,,,,,,,,,
,,,,,,,,,,,,
,,,,,,,,,,,,
,,,,,,,,,,,,
,,,,,,,,,,,,
,,,,,,,,,,,,
,,,,,,,,,,,,
,,,,,,,,,,,,
,,,,,,,,,,,,
,,,,,,,,,,,,
,,,,,,,,,,,,
,,,,,,,,,,,,
,,,,,,,,,,,,
,,,,,,,,,,,,
,,,,,,,,,,,,
,,,,,,,,,,,,
,,,,,,,,,,,,
,,,,,,,,,,,,
,,,,,,,,,,,,
,,,,,,,,,,,,
,,,,,,,,,,,,
,,,,,,,,,,,,
,,,,,,,,,,,,
,,,,,,,,,,,,
,,,,,,,,,,,,
,,,,,,,,,,,,
,,,,,,,,,,,,
,,,,,,,,,,,,
,,,,,,,,,,,,
,,,,,,,,,,,,
,,,,,,,,,,,,
,,,,,,,,,,,,
,,,,,,,,,,,,
,,,,,,,,,,,,
,,,,,,,,,,,,
,,,,,,,,,,,,
,,,,,,,,,,,,
,,,,,,,,,,,,
,,,,,,,,,,,,
,,,,,,,,,,,,
,,,,,,,,,,,,
,,,,,,,,,,,,
,,,,,,,,,,,,
,,,,,,,,,,,,
,,,,,,,,,,,,
,,,,,,,,,,,,
,,,,,,,,,,,,
,,,,,,,,,,,,
,,,,,,,,,,,,
,,,,,,,,,,,,
,,,,,,,,,,,,
,,,,,,,,,,,,
,,,,,,,,,,,,
,,,,,,,,,,,,
,,,,,,,,,,,,
,,,,,,,,,,,,
,,,,,,,,,,,,
,,,,,,,,,,,,
,,,,,,,,,,,,
,,,,,,,,,,,,
,,,,,,,,,,,,
,,,,,,,,,,,,
,,,,,,,,,,,,
,,,,,,,,,,,,
,,,,,,,,,,,,
,,,,,,,,,,,,
,,,,,,,,,,,,
,,,,,,,,,,,,
,,,,,,,,,,,,
,,,,,,,,,,,,
,,,,,,,,,,,,
,,,,,,,,,,,,
,,,,,,,,,,,,
,,,,,,,,,,,,
,,,,,,,,,,,,
,,,,,,,,,,,,
,,,,,,,,,,,,
,,,,,,,,,,,,
,,,,,,,,,,,,
,,,,,,,,,,,,
,,,,,,,,,,,,
,,,,,,,,,,,,
,,,,,,,,,,,,
,,,,,,,,,,,,
,,,,,,,,,,,,
,,,,,,,,,,,,
,,,,,,,,,,,,
,,,,,,,,,,,,
,,,,,,,,,,,,
,,,,,,,,,,,,
,,,,,,,,,,,,
,,,,,,,,,,,,
,,,,,,,,,,,,
,,,,,,,,,,,,
,,,,,,,,,,,,
,,,,,,,,,,,,
,,,,,,,,,,,,
,,,,,,,,,,,,
,,,,,,,,,,,,
,,,,,,,,,,,,
,,,,,,,,,,,,
,,,,,,,,,,,,
,,,,,,,,,,,,
,,,,,,,,,,,,
,,,,,,,,,,,,
,,,,,,,,,,,,
,,,,,,,,,,,,
,,,,,,,,,,,,
,,,,,,,,,,,,
,,,,,,,,,,,,
,,,,,,,,,,,,
,,,,,,,,,,,,
,,,,,,,,,,,,
,,,,,,,,,,,,
,,,,,,,,,,,,
,,,,,,,,,,,,
,,,,,,,,,,,,
,,,,,,,,,,,,
,,,,,,,,,,,,
,,,,,,,,,,,,
,,,,,,,,,,,,
,,,,,,,,,,,,
,,,,,,,,,,,,
,,,,,,,,,,,,
,,,,,,,,,,,,
,,,,,,,,,,,,
,,,,,,,,,,,,
,,,,,,,,,,,,
,,,,,,,,,,,,
,,,,,,,,,,,,
,,,,,,,,,,,,
,,,,,,,,,,,,
,,,,,,,,,,,,
,,,,,,,,,,,,
,,,,,,,,,,,,
,,,,,,,,,,,,
,,,,,,,,,,,,
,,,,,,,,,,,,
,,,,,,,,,,,,
,,,,,,,,,,,,
,,,,,,,,,,,,
,,,,,,,,,,,,
,,,,,,,,,,,,
,,,,,,,,,,,,
,,,,,,,,,,,,
,,,,,,,,,,,,
,,,,,,,,,,,,
,,,,,,,,,,,,
,,,,,,,,,,,,
,,,,,,,,,,,,
,,,,,,,,,,,,
,,,,,,,,,,,,
,,,,,,,,,,,,
,,,,,,,,,,,,
,,,,,,,,,,,,
,,,,,,,,,,,,
,,,,,,,,,,,,
,,,,,,,,,,,,
,,,,,,,,,,,,
,,,,,,,,,,,,
,,,,,,,,,,,,
,,,,,,,,,,,,
,,,,,,,,,,,,
,,,,,,,,,,,,
,,,,,,,,,,,,
,,,,,,,,,,,,
,,,,,,,,,,,,
,,,,,,,,,,,,
,,,,,,,,,,,,
,,,,,,,,,,,,
,,,,,,,,,,,,
,,,,,,,,,,,,
,,,,,,,,,,,,
,,,,,,,,,,,,
,,,,,,,,,,,,
,,,,,,,,,,,,
,,,,,,,,,,,,
,,,,,,,,,,,,
,,,,,,,,,,,,
,,,,,,,,,,,,
,,,,,,,,,,,,
,,,,,,,,,,,,
,,,,,,,,,,,,
,,,,,,,,,,,,
,,,,,,,,,,,,
,,,,,,,,,,,,
,,,,,,,,,,,,
,,,,,,,,,,,,
,,,,,,,,,,,,
,,,,,,,,,,,,
,,,,,,,,,,,,
,,,,,,,,,,,,
,,,,,,,,,,,,
,,,,,,,,,,,,
,,,,,,,,,,,,
,,,,,,,,,,,,
,,,,,,,,,,,,
,,,,,,,,,,,,
,,,,,,,,,,,,
,,,,,,,,,,,,
,,,,,,,,,,,,
,,,,,,,,,,,,
,,,,,,,,,,,,
,,,,,,,,,,,,
,,,,,,,,,,,,
,,,,,,,,,,,,
,,,,,,,,,,,,
,,,,,,,,,,,,
,,,,,,,,,,,,
,,,,,,,,,,,,
,,,,,,,,,,,,
,,,,,,,,,,,,
,,,,,,,,,,,,
,,,,,,,,,,,,
,,,,,,,,,,,,
,,,,,,,,,,,,
,,,,,,,,,,,,
,,,,,,,,,,,,
,,,,,,,,,,,,
,,,,,,,,,,,,
,,,,,,,,,,,,
,,,,,,,,,,,,
,,,,,,,,,,,,
,,,,,,,,,,,,
,,,,,,,,,,,,
,,,,,,,,,,,,
,,,,,,,,,,,,
,,,,,,,,,,,,
,,,,,,,,,,,,
,,,,,,,,,,,,
,,,,,,,,,,,,
,,,,,,,,,,,,
,,,,,,,,,,,,
,,,,,,,,,,,,
,,,,,,,,,,,,
,,,,,,,,,,,,
,,,,,,,,,,,,
,,,,,,,,,,,,
,,,,,,,,,,,,
,,,,,,,,,,,,
,,,,,,,,,,,,
,,,,,,,,,,,,
,,,,,,,,,,,,
,,,,,,,,,,,,
,,,,,,,,,,,,
,,,,,,,,,,,,
,,,,,,,,,,,,
,,,,,,,,,,,,
,,,,,,,,,,,,
,,,,,,,,,,,,
,,,,,,,,,,,,
,,,,,,,,,,,,
,,,,,,,,,,,,
,,,,,,,,,,,,
,,,,,,,,,,,,
,,,,,,,,,,,,
,,,,,,,,,,,,
,,,,,,,,,,,,
,,,,,,,,,,,,
,,,,,,,,,,,,
,,,,,,,,,,,,
,,,,,,,,,,,,
,,,,,,,,,,,,
,,,,,,,,,,,,
,,,,,,,,,,,,
,,,,,,,,,,,,
,,,,,,,,,,,,
,,,,,,,,,,,,
,,,,,,,,,,,,
,,,,,,,,,,,,
,,,,,,,,,,,,
,,,,,,,,,,,,
,,,,,,,,,,,,
,,,,,,,,,,,,
,,,,,,,,,,,,
,,,,,,,,,,,,
,,,,,,,,,,,,
,,,,,,,,,,,,
,,,,,,,,,,,,
,,,,,,,,,,,,
,,,,,,,,,,,,
,,,,,,,,,,,,
,,,,,,,,,,,,
,,,,,,,,,,,,
,,,,,,,,,,,,
,,,,,,,,,,,,
,,,,,,,,,,,,
,,,,,,,,,,,,
,,,,,,,,,,,,
,,,,,,,,,,,,
,,,,,,,,,,,,
,,,,,,,,,,,,
,,,,,,,,,,,,
,,,,,,,,,,,,
,,,,,,,,,,,,
,,,,,,,,,,,,
,,,,,,,,,,,,
,,,,,,,,,,,,
,,,,,,,,,,,,
,,,,,,,,,,,,
,,,,,,,,,,,,
,,,,,,,,,,,,
,,,,,,,,,,,,
,,,,,,,,,,,,
,,,,,,,,,,,,
,,,,,,,,,,,,
,,,,,,,,,,,,
,,,,,,,,,,,,
,,,,,,,,,,,,
,,,,,,,,,,,,
,,,,,,,,,,,,
,,,,,,,,,,,,
,,,,,,,,,,,,
,,,,,,,,,,,,
,,,,,,,,,,,,
,,,,,,,,,,,,
,,,,,,,,,,,,
,,,,,,,,,,,,
,,,,,,,,,,,,
,,,,,,,,,,,,
,,,,,,,,,,,,
,,,,,,,,,,,,
,,,,,,,,,,,,
,,,,,,,,,,,,
,,,,,,,,,,,,
,,,,,,,,,,,,
,,,,,,,,,,,,
,,,,,,,,,,,,
,,,,,,,,,,,,
,,,,,,,,,,,,
,,,,,,,,,,,,
,,,,,,,,,,,,
,,,,,,,,,,,,
,,,,,,,,,,,,
,,,,,,,,,,,,
,,,,,,,,,,,,
,,,,,,,,,,,,
,,,,,,,,,,,,
,,,,,,,,,,,,
,,,,,,,,,,,,
,,,,,,,,,,,,
,,,,,,,,,,,,
,,,,,,,,,,,,
,,,,,,,,,,,,
,,,,,,,,,,,,
,,,,,,,,,,,,
,,,,,,,,,,,,
,,,,,,,,,,,,
,,,,,,,,,,,,
,,,,,,,,,,,,
,,,,,,,,,,,,
,,,,,,,,,,,,
,,,,,,,,,,,,
,,,,,,,,,,,,
,,,,,,,,,,,,
,,,,,,,,,,,,
,,,,,,,,,,,,
,,,,,,,,,,,,
,,,,,,,,,,,,
,,,,,,,,,,,,
,,,,,,,,,,,,
,,,,,,,,,,,,
,,,,,,,,,,,,
,,,,,,,,,,,,
,,,,,,,,,,,,
,,,,,,,,,,,,
,,,,,,,,,,,,
,,,,,,,,,,,,
,,,,,,,,,,,,
,,,,,,,,,,,,
,,,,,,,,,,,,
,,,,,,,,,,,,
,,,,,,,,,,,,
,,,,,,,,,,,,
,,,,,,,,,,,,
,,,,,,,,,,,,
,,,,,,,,,,,,
,,,,,,,,,,,,
,,,,,,,,,,,,
,,,,,,,,,,,,
,,,,,,,,,,,,
,,,,,,,,,,,,
,,,,,,,,,,,,
,,,,,,,,,,,,
,,,,,,,,,,,,
,,,,,,,,,,,,
,,,,,,,,,,,,
,,,,,,,,,,,,
,,,,,,,,,,,,
,,,,,,,,,,,,
,,,,,,,,,,,,
,,,,,,,,,,,,
,,,,,,,,,,,,
,,,,,,,,,,,,
,,,,,,,,,,,,
,,,,,,,,,,,,
,,,,,,,,,,,,
,,,,,,,,,,,,
,,,,,,,,,,,,
,,,,,,,,,,,,
,,,,,,,,,,,,
,,,,,,,,,,,,
,,,,,,,,,,,,
,,,,,,,,,,,,
,,,,,,,,,,,,
,,,,,,,,,,,,
,,,,,,,,,,,,
,,,,,,,,,,,,
,,,,,,,,,,,,
,,,,,,,,,,,,
,,,,,,,,,,,,
,,,,,,,,,,,,
,,,,,,,,,,,,
,,,,,,,,,,,,
,,,,,,,,,,,,
,,,,,,,,,,,,
,,,,,,,,,,,,
,,,,,,,,,,,,
,,,,,,,,,,,,
,,,,,,,,,,,,
,,,,,,,,,,,,
,,,,,,,,,,,,
,,,,,,,,,,,,
,,,,,,,,,,,,
,,,,,,,,,,,,
,,,,,,,,,,,,
,,,,,,,,,,,,
,,,,,,,,,,,,
,,,,,,,,,,,,
,,,,,,,,,,,,
,,,,,,,,,,,,
,,,,,,,,,,,,
,,,,,,,,,,,,
,,,,,,,,,,,,
,,,,,,,,,,,,
,,,,,,,,,,,,
,,,,,,,,,,,,
,,,,,,,,,,,,
,,,,,,,,,,,,
,,,,,,,,,,,,
,,,,,,,,,,,,
,,,,,,,,,,,,
,,,,,,,,,,,,
,,,,,,,,,,,,
,,,,,,,,,,,,
,,,,,,,,,,,,
,,,,,,,,,,,,
,,,,,,,,,,,,
,,,,,,,,,,,,
,,,,,,,,,,,,
,,,,,,,,,,,,
,,,,,,,,,,,,
,,,,,,,,,,,,
,,,,,,,,,,,,
,,,,,,,,,,,,
,,,,,,,,,,,,
,,,,,,,,,,,,
,,,,,,,,,,,,
,,,,,,,,,,,,
,,,,,,,,,,,,
,,,,,,,,,,,,
,,,,,,,,,,,,
,,,,,,,,,,,,
,,,,,,,,,,,,
,,,,,,,,,,,,
,,,,,,,,,,,,
,,,,,,,,,,,,
,,,,,,,,,,,,
,,,,,,,,,,,,
,,,,,,,,,,,,
,,,,,,,,,,,,
,,,,,,,,,,,,
,,,,,,,,,,,,
,,,,,,,,,,,,
,,,,,,,,,,,,
,,,,,,,,,,,,
,,,,,,,,,,,,
,,,,,,,,,,,,
,,,,,,,,,,,,
,,,,,,,,,,,,
,,,,,,,,,,,,
,,,,,,,,,,,,
,,,,,,,,,,,,
,,,,,,,,,,,,
,,,,,,,,,,,,
,,,,,,,,,,,,
,,,,,,,,,,,,
,,,,,,,,,,,,
,,,,,,,,,,,,
,,,,,,,,,,,,
,,,,,,,,,,,,
,,,,,,,,,,,,
,,,,,,,,,,,,
,,,,,,,,,,,,
,,,,,,,,,,,,
,,,,,,,,,,,,
,,,,,,,,,,,,
,,,,,,,,,,,,
,,,,,,,,,,,,
,,,,,,,,,,,,
,,,,,,,,,,,,
,,,,,,,,,,,,
,,,,,,,,,,,,
,,,,,,,,,,,,
,,,,,,,,,,,,
,,,,,,,,,,,,
,,,,,,,,,,,,
,,,,,,,,,,,,
,,,,,,,,,,,,
,,,,,,,,,,,,
,,,,,,,,,,,,
,,,,,,,,,,,,
,,,,,,,,,,,,
,,,,,,,,,,,,
,,,,,,,,,,,,
,,,,,,,,,,,,
,,,,,,,,,,,,
,,,,,,,,,,,,
,,,,,,,,,,,,
,,,,,,,,,,,,
,,,,,,,,,,,,
,,,,,,,,,,,,
,,,,,,,,,,,,