,,,,,,,
,,,EN LA COLUMNA CANTIDAD PONER ELNUMERO DE AMPOLLAS,,,,
,,,AMPOLLAS INDIVIDUALES,,,,
PROVEEDOR,MARCA,TIPO,COMPUESTOS,PADECIMIENTOS,ML,PVP,
naturpharma,HEIL PRO,MINERAL,BORO Vial X 10ml,"Osteoporosis, trastornos del crecimiento",10,$7.38,
naturpharma,HEIL PRO,MINERAL,CALCIO Vial X 10ml,"Calcificacion, calambres, palpitaciones cardiacas",10,$9.00,
naturpharma,HEIL PRO,MINERAL,CLORURO DE MAGNESIO al 20% p/v 1gr Vial X 5ml,"Interviene en numerosas funciones enzimaticas; trat preventivo de la eclampcia, nutricion",10,$21.00,
naturpharma,HEIL PRO,MINERAL,COBALTO Vial X 10ml,síndrome fatiga crónica,10,$8.50,
naturpharma,HEIL PRO,MINERAL,COBRE Vial X 10ml,alergias de todo tipo,10,$8.50,
naturpharma,HEIL PRO,MINERAL,CROMO Vial X 10ml,envejecimientoprematuro,10,$8.50,
naturpharma,HEIL PRO,MINERAL,FOSFORO NA Vial X 10ml,Espasmofilia,10,$8.50,
naturpharma,HEIL PRO,MINERAL,LITIO Vial X 10 ML,"Hiperemotividad, estados depresivos",10,$8.50,
naturpharma,HEIL PRO,MINERAL,MAGNESIO Vial X 10ml,"Regula el ritmo cardiaco, regula niveles de azucar, circulacion, nervios",10,$8.50,
naturpharma,HEIL PRO,MINERAL,MANGANESO Vial X 10ml,"antioxidante, infecciones gripales",10,$8.50,
naturpharma,HEIL PRO,MINERAL,MOLIBDENO Vial X 10ml,"antioxidante,exceso ácido úrico",10,$8.50,
naturpharma,HEIL PRO,MINERAL,NIQUEL Vial X 10ml,"Regula los niveles de adrenalina, aumenta la accion de la insulina",10,$8.50,
naturpharma,HEIL PRO,MINERAL,POTASIO Vial X 10ml,trastornos cardiovasculares,10,$8.50,
naturpharma,HEIL PRO,MINERAL,SELENIO FORTE 0 5MG AMP X 2ML,"Antioxidante, Regula los procesos de crecimiento celular (tumores) previene la accion toxica de metales pesados",10,$11.00,
naturpharma,HEIL PRO,MINERAL,SELENIO Vial X 10ml,enfermedades prostáticas,10,$8.50,
naturpharma,HEIL PRO,MINERAL,SILICIO Vial x 10ml,indispensable para la sintesis del colageno,10,$8.50,
naturpharma,HEIL PRO,MINERAL,VANADIO Vial X 10ml,"triglicéridos, obesidad, celulitis",10,$8.50,
naturpharma,HEIL PRO,AMINO,ZINC Vial X 10ml,"trastornos fertilidad, impotencia",10,$8.50,
naturpharma,HEIL PRO,AMINO,COBRE ORO Y PLATA,falta de memoria y concentración,10,$8.50,
naturpharma,HEIL PRO,AMINO,MM16 FORTE + SI+V Vial X 10 ml,18 minerales juntos (SILICIO Y VANADIO),10,$28.00,
naturpharma,HEIL PRO,AMINO,L-ARGININE Vial 10 ml,"Estimula el sistema inmune, favorece la cicatrización y es recomendable en lesiones deportivas",10,$17.00,
naturpharma,HEIL PRO,AMINO,L-ASPARAGINE Vial 10 ml,"Mantiene la memoria a largo plazo, elimina toxinas y disminuye la fatiga",10,$13.00,
naturpharma,HEIL PRO,AMINO,L-CARNITINE  Vial 10 ml,Estimula la pérdida de peso al transformar la grasa en energía de forma óptima y mejora la circulación,10,$13.00,
naturpharma,HEIL PRO,AMINO,L.GLUTAMINE Vial 10 ml,"Aumenta la resistencia y fuerza muscular. Mantiene niveles de azúcar, función gastrointestinal",10,$13.00,
naturpharma,HEIL PRO,AMINO,L-GLUTATION R600 100mg/ml AMP X 5 ml,"( Àcido glutàmico, L-Cisteìna y Glicina)",10,$35.00,
naturpharma,HEIL PRO,AMINO,L-LYSINE Vial 10 ml,"Previene la proliferación de virus. Reduce el síndrome de fatiga crónica, ayuda producir colágeno",10,$17.50,
naturpharma,HEIL PRO,AMINO,L-METHIONINE Vial 10 ml,"Participa en la descomposición de las grasas, mejora la piel y uñas, reduce el colesterol.",10,$17.50,
naturpharma,HEIL PRO,AMINO,TAURINE Vial 10 ml,Actúa como neurotransmisor favoreciendo la actividad neuronal.,10,$17.50,
naturpharma,HEIL PRO,AMINO,L-THREONINE Vial X 10 ml,"Metaboliza las grasas que se depositan en det. órganos, Ayuda form. Esmalte dental, elastina",10,$12.00,
naturpharma,HEIL PRO,AMINO,L-TRYPTOPHAN Vial 10 ml,"Participa en la síntesis de serotonina y melatonina, mejora la calidad de sueño y estado de ánimo",10,$19.00,
naturpharma,HEIL PRO,AMINO,N-ACETYL L-TYROSINE Vial X 10 ml,previene la depresión y favorece la formación de tejidos.,10,$17.50,
naturpharma,HEIL PRO,AMINO,N-ACETYL L-CYSTEINE  Vial X 10 ml,"promueve la desintoxicación, mejora la síntesis de la glutationa, antioxidante , hepatoprotectora",10,$17.50,
naturpharma,HEIL PRO,AMINO,"L-Glicine ILE, L-leucine, L-valine", (ANABOLIZANTE CON GLUTAMINA),10,$31.00,
naturpharma,HEIL PRO,MINERALES COMBINADOS,"(L-arginine, L-Carnitine, L-Cysteine, Glycine, L-Histidine, L-Leucine, L-Lysine, L-Methionine, L-Proline, L-Threonine, Ascorbato de Sodio)",(FORMULA DEL COLAGENO),10,$45.00,
naturpharma,HEIL PRO,MINERALES COMBINADOS,"(L-Alanine, L-Glutamine, L-isoleucine, L-Leucine, L-Lysine, Taurine)",(DIABETES),10,$25.00,
naturpharma,HEIL PRO,MINERALES COMBINADOS,"L-Metheionine, L-tryptophan, L-Phenylalanine, L-SER ",(DOLOR),10,$16.00,
naturpharma,HEIL PRO,SUST COMBINADO,"(Glycine, L-Aspartic acid, L-Asparagine, L-Glutamic Acid, L-Glutamine,ML-Lysine, L-Methionine, L-Phenylalanine, L-Tryptophan, N-Acetyl l-tryrosine)", (DEPRESIONES Y RELACIONADAS),10,$36.00,
naturpharma,HEIL PRO,SUST COMBINADO,"L-CYSB, GLY, L-CYS, L-Glutamine, L-Methanine L-Thripthopan, N-A-C, Taurina   ",DETOX HIGADO FASE I Y II),10,$26.00,
naturpharma,HEIL PRO,SUST COMBINADO,"(Glycine, L-Arginine, L-Cartinitine, L-Cysteine, L-Cysteine, L-Glutamine, L-Histidine, L-Phenylalanine, Taurine, Piridoxna HCI)",(problemas hepatobiliares),10,$28.00,
naturpharma,HEIL PRO,SUST COMBINADO,"L-ALA, L-GLN, L-HIS, L-ISO, L-Leucine, L-Thereonine, L-Valine, Acido Alfa Lipoico ",ESCLEROISIS MULTIPLES,50,$34.00,
naturpharma,HEIL PRO,SUST COMBINADO,"L-ILE, L-Leucine, L-Lycine, L-Methionine, L-phenylalanine, L-Threonine, L-Trypthopan, L-Valine ",(AMINOACIDOS ESENCIALES),10,$31.00,
naturpharma,HEIL PRO,SUST COMBINADO,"(L-Glutamine, L-Cysteine, Alanine, L-Aspartic Acid, Glycine, L-Threonine, L-Lysine) ",(SISTEMA INMUNE),10,$25.00,
naturpharma,HEIL PRO,SUST COMBINADO,"Glycina, INO, L-Alanina, L-Arginine, L-Asparagina L-Acido Aspartico, L-Carnitine, N-A-C, L-Glutamine, L-Histidina, L- ORN, L-Prolina ",(AMINOACIDOS NO ESENCIALES),10,$33.50,
naturpharma,HEIL PRO,SUST COMBINADO,"L-Lysine, L-Proline, L-Threreonine (PIEL&CARTILAGO + D-PANTENOL)",,10,$24.00,
naturpharma,HEIL PRO,SUST COMBINADO,"(L-methionine, l-phenylalanine,n-acetyl l-tyrosine)",Parkinson y relacionadas,10,$31.00,
naturpharma,HEIL PRO,SUST COMBINADO,"Glycina, L-Glutation, L-Glutamine, L-Tripthopan, N-A-T,Taurine(", STRESS/IRRITABILIDAD+GABA),10,$28.00,
naturpharma,HEIL PRO,SUST COMBINADO,"(L-Ascorbato de Na 9,0gr, l-lysine 2,0rf, l-proline 0,1gr, l-arginine 0,5gr, n-acetyl l-cysteine 0,75gr, manganeso 0,01gr",,10,$53.00,
naturpharma,HEIL PRO,SUST COMBINADO,"( L.Ascorbato NA 5.62, B2,3,5,6,12 Y Magnesio Cloruro)",,10,$36.00,
naturpharma,HEIL PRO,SUST COMBINADO,(Metilsulfonilmetano),,10,$22.00,
naturpharma,HEIL PRO,SUST COMBINADO,"edta 1,5 gr, Magnesio 0,1gr, l-Ascorbato de Na 9,0gr, Piridoxina 0,1gr(Acido Diaminotetracético)",,10,$44.00,
naturpharma,HEIL PRO,SUST COMBINADO,"Edta 1,5 gr, Magnesio 0,1gr (Acido Diaminotetracético)",,10,$15.00,
naturpharma,HEIL PRO,SUST COMBINADO,"(Choline, Insoitol, B2,3,5,6,12, L-Arg, L-Car, L-Leu, L-Met, L-Trp, L-Orn, L-Glu, Zinc",,50,$48.00,
naturpharma,HEIL PRO,SUST COMBINADO,"(Yodo k, Magnesio, Zinc, N-A-T, B2 y 3)",,10,$37.00,
naturpharma,HEIL PRO,SUST COMBINADO,(VIT B6) ,"anemia, degeneracion macular, regula estado de animo, como la serotonina",50,$11.00,
,,,Complexigeme,,10,$5.00,
,,,DMSO  FRASCO 10ML,,,$16.67,
,,,SAOX CIENCIANOVA 10ml,,10,$8.33,
,,,Glutathione + N-Acetylcisteine DENOVA 30ml,,,$20.00,
,,,Ultra Glutathione 7ml,,7,$13.33,
,,,Vit C 15 gramos VITASCORP,,15,$20.00,
,,,Vitc C 12.5g/50ml INJEKTOPAS,,12.5,$17.92,
,,,Vitc C 25g/100ml INJEKTOPAS,,25,$26.67,
,,,Vitc C 50g/100ml INJEKTOPAS,,50,$34.00,
,LHA,,Ampolla LHA (cualquiera),,2,$6.00,
,RECKEWEG,,Ampolla Reckeweg (cualquiera),,2,$6.18,
,ACTIBELL,,BioComplex Oligoelementos Actibell 10ml,,10,$8.00,
,ACTIBELL,,"Ampollas marca Actibell (glutatione, acido alfa lipoico, coenzima q10) 2ml",,2,$6.00,
,,,"Ampollas NERVO, REVITALISER, DETOXY, NUXCELL",,2,$6.00,
,HEEL,,Ampollas HEEL (cualquiera),,2,$6.67,
,,,Ampollas Agua Marina (cualquiera),,,$10.00,
,PASCOE,,Ampollas Pascoe (cualquiera),,2,$8.00,
,ADVANCELL,,5HTP 10MG/ML,,10,$14.00,
,ADVANCELL,,AZUL DE METILENO,,10,$14.00,
,ADVANCELL,,Cualquier ampolla 2ml,,2,$6.00,
,ADVANCELL,,DMSO,,10,$14.50,
,CIENCIANOVA,,Complejo B/B12 CIENCIANOVA 20 ml,,20,$8.33,
,,,Neural / Muscle / Lumbar / Tissue 2ml,,2,$10.00,
,,,AMIN-NAD 10ML,,10,$23.00,
,,,ASCOR-NAD 50ML,,50,$30.00,
,,,MULTI B COMPLEX (MYERS),,50,$30.00,
,ECAR,,TIAMINA 100mg/mL,,10,$5.00,intramuscular
,KREUZBER,,ACIDO ALFA LIPOICO 50MG/ML,,20,$19.00,DOSIS ES 10ML
,KREUZBER,,L CARNITINA 100MG/ML,,20,$13.00,DOSIS ES 10ML
,KREUZBER,,L LISINA 150MG/ML,,10,$13.00,DOSIS ES 10ML
,KREUZBER,,TRIPTOFANO 200MG/ML,,10,$14.00,DOSIS ES 10ML
,KREUZBER,,ASCORBATO DE PROCAINA 40MG/ML,,10,$12.00,DOSIS ES 10ML
,KREUZBER,,DMSO PLUS + MSM,,50,$25.00,DOSIS ES 25ML
,KREUZBER,,MSM,,100,$24.00,DOSIS ES 25ML
,KREUZBER,,ROXICAINA 2%,,50,$6.00,
,KREUZBER,,IMPLETOL,,50,,
,KREUZBER,,IMPLETOL,,100,,
,KREUZBER,,CLORURO CA,,10,$12.00,
,KREUZBER,,CR CROMO,,10,$12.00,
,KREUZBER,,DTX SKIN ,,,$24.00,
,,,,,,TOTAL,
,,,,,,,
,,,,,,,
,,,,,,,
,,,,,,,
,,,,,,,
,,,,,,,
,,,,,,,
,,,,,,,
,,,,,,,
,,,,,,,
,,,,,,,
,,,,,,,
,,,,,,,
,,,,,,,
,,,,,,,
,,,,,,,
,,,,,,,
,,,,,,,
,,,,,,,
,,,,,,,
,,,,,,,
,,,,,,,
,,,,,,,
,,,,,,,
,,,,,,,
,,,,,,,
,,,,,,,
,,,,,,,
,,,,,,,
,,,,,,,
,,,,,,,
,,,,,,,
,,,,,,,
,,,,,,,
,,,,,,,
,,,,,,,
,,,,,,,
,,,,,,,
,,,,,,,
,,,,,,,
,,,,,,,
,,,,,,,
,,,,,,,
,,,,,,,
,,,,,,,
,,,,,,,
,,,,,,,
,,,,,,,
,,,,,,,
,,,,,,,
,,,,,,,
,,,,,,,
,,,,,,,
,,,,,,,
,,,,,,,
,,,,,,,
,,,,,,,
,,,,,,,
,,,,,,,
,,,,,,,
,,,,,,,
,,,,,,,
,,,,,,,
,,,,,,,
,,,,,,,
,,,,,,,
,,,,,,,
,,,,,,,
,,,,,,,
,,,,,,,
,,,,,,,
,,,,,,,
,,,,,,,
,,,,,,,
,,,,,,,
,,,,,,,
,,,,,,,
,,,,,,,
,,,,,,,
,,,,,,,
,,,,,,,
,,,,,,,
,,,,,,,
,,,,,,,
,,,,,,,
,,,,,,,
,,,,,,,
,,,,,,,
,,,,,,,
,,,,,,,
,,,,,,,
,,,,,,,
,,,,,,,
,,,,,,,
,,,,,,,
,,,,,,,
,,,,,,,
,,,,,,,
,,,,,,,
,,,,,,,
,,,,,,,
,,,,,,,
,,,,,,,
,,,,,,,
,,,,,,,
,,,,,,,
,,,,,,,
,,,,,,,
,,,,,,,
,,,,,,,
,,,,,,,
,,,,,,,
,,,,,,,
,,,,,,,
,,,,,,,
,,,,,,,
,,,,,,,
,,,,,,,
,,,,,,,
,,,,,,,
,,,,,,,
,,,,,,,
,,,,,,,
,,,,,,,
,,,,,,,
,,,,,,,
,,,,,,,
,,,,,,,
,,,,,,,
,,,,,,,
,,,,,,,
,,,,,,,
,,,,,,,
,,,,,,,
,,,,,,,
,,,,,,,
,,,,,,,
,,,,,,,
,,,,,,,
,,,,,,,
,,,,,,,
,,,,,,,
,,,,,,,
,,,,,,,
,,,,,,,
,,,,,,,
,,,,,,,
,,,,,,,
,,,,,,,
,,,,,,,
,,,,,,,
,,,,,,,
,,,,,,,
,,,,,,,
,,,,,,,
,,,,,,,
,,,,,,,
,,,,,,,
,,,,,,,
,,,,,,,
,,,,,,,
,,,,,,,
,,,,,,,
,,,,,,,
,,,,,,,
,,,,,,,
,,,,,,,
,,,,,,,
,,,,,,,
,,,,,,,
,,,,,,,
,,,,,,,
,,,,,,,
,,,,,,,
,,,,,,,
,,,,,,,
,,,,,,,
,,,,,,,
,,,,,,,
,,,,,,,
,,,,,,,
,,,,,,,
,,,,,,,
,,,,,,,
,,,,,,,
,,,,,,,
,,,,,,,
,,,,,,,
,,,,,,,
,,,,,,,
,,,,,,,
,,,,,,,
,,,,,,,
,,,,,,,
,,,,,,,
,,,,,,,
,,,,,,,
,,,,,,,
,,,,,,,
,,,,,,,
,,,,,,,
,,,,,,,
,,,,,,,
,,,,,,,
,,,,,,,
,,,,,,,
,,,,,,,
,,,,,,,
,,,,,,,
,,,,,,,
,,,,,,,
,,,,,,,
,,,,,,,
,,,,,,,
,,,,,,,
,,,,,,,
,,,,,,,
,,,,,,,
,,,,,,,
,,,,,,,
,,,,,,,
,,,,,,,
,,,,,,,
,,,,,,,
,,,,,,,
,,,,,,,
,,,,,,,
,,,,,,,
,,,,,,,
,,,,,,,
,,,,,,,
,,,,,,,
,,,,,,,
,,,,,,,
,,,,,,,
,,,,,,,
,,,,,,,
,,,,,,,
,,,,,,,
,,,,,,,
,,,,,,,
,,,,,,,
,,,,,,,
,,,,,,,
,,,,,,,
,,,,,,,
,,,,,,,
,,,,,,,
,,,,,,,
,,,,,,,
,,,,,,,
,,,,,,,
,,,,,,,
,,,,,,,
,,,,,,,
,,,,,,,
,,,,,,,
,,,,,,,
,,,,,,,
,,,,,,,
,,,,,,,
,,,,,,,
,,,,,,,
,,,,,,,
,,,,,,,
,,,,,,,
,,,,,,,
,,,,,,,
,,,,,,,
,,,,,,,
,,,,,,,
,,,,,,,
,,,,,,,
,,,,,,,
,,,,,,,
,,,,,,,
,,,,,,,
,,,,,,,
,,,,,,,
,,,,,,,
,,,,,,,
,,,,,,,
,,,,,,,
,,,,,,,
,,,,,,,
,,,,,,,
,,,,,,,
,,,,,,,
,,,,,,,
,,,,,,,
,,,,,,,
,,,,,,,
,,,,,,,
,,,,,,,
,,,,,,,
,,,,,,,
,,,,,,,
,,,,,,,
,,,,,,,
,,,,,,,
,,,,,,,
,,,,,,,
,,,,,,,
,,,,,,,
,,,,,,,
,,,,,,,
,,,,,,,
,,,,,,,
,,,,,,,
,,,,,,,
,,,,,,,
,,,,,,,
,,,,,,,
,,,,,,,
,,,,,,,
,,,,,,,
,,,,,,,
,,,,,,,
,,,,,,,
,,,,,,,
,,,,,,,
,,,,,,,
,,,,,,,
,,,,,,,
,,,,,,,
,,,,,,,
,,,,,,,
,,,,,,,
,,,,,,,
,,,,,,,
,,,,,,,
,,,,,,,
,,,,,,,
,,,,,,,
,,,,,,,
,,,,,,,
,,,,,,,
,,,,,,,
,,,,,,,
,,,,,,,
,,,,,,,
,,,,,,,
,,,,,,,
,,,,,,,
,,,,,,,
,,,,,,,
,,,,,,,
,,,,,,,
,,,,,,,
,,,,,,,
,,,,,,,
,,,,,,,
,,,,,,,
,,,,,,,
,,,,,,,
,,,,,,,
,,,,,,,
,,,,,,,
,,,,,,,
,,,,,,,
,,,,,,,
,,,,,,,
,,,,,,,
,,,,,,,
,,,,,,,
,,,,,,,
,,,,,,,
,,,,,,,
,,,,,,,
,,,,,,,
,,,,,,,
,,,,,,,
,,,,,,,
,,,,,,,
,,,,,,,
,,,,,,,
,,,,,,,
,,,,,,,
,,,,,,,
,,,,,,,
,,,,,,,
,,,,,,,
,,,,,,,
,,,,,,,
,,,,,,,
,,,,,,,
,,,,,,,
,,,,,,,
,,,,,,,
,,,,,,,
,,,,,,,
,,,,,,,
,,,,,,,
,,,,,,,
,,,,,,,
,,,,,,,
,,,,,,,
,,,,,,,
,,,,,,,
,,,,,,,
,,,,,,,
,,,,,,,
,,,,,,,
,,,,,,,
,,,,,,,
,,,,,,,
,,,,,,,
,,,,,,,
,,,,,,,
,,,,,,,
,,,,,,,
,,,,,,,
,,,,,,,
,,,,,,,
,,,,,,,
,,,,,,,
,,,,,,,
,,,,,,,
,,,,,,,
,,,,,,,
,,,,,,,
,,,,,,,
,,,,,,,
,,,,,,,
,,,,,,,
,,,,,,,
,,,,,,,
,,,,,,,
,,,,,,,
,,,,,,,
,,,,,,,
,,,,,,,
,,,,,,,
,,,,,,,
,,,,,,,
,,,,,,,
,,,,,,,
,,,,,,,
,,,,,,,
,,,,,,,
,,,,,,,
,,,,,,,
,,,,,,,
,,,,,,,
,,,,,,,
,,,,,,,
,,,,,,,
,,,,,,,
,,,,,,,
,,,,,,,
,,,,,,,
,,,,,,,
,,,,,,,
,,,,,,,
,,,,,,,
,,,,,,,
,,,,,,,
,,,,,,,
,,,,,,,
,,,,,,,
,,,,,,,
,,,,,,,
,,,,,,,
,,,,,,,
,,,,,,,
,,,,,,,
,,,,,,,
,,,,,,,
,,,,,,,
,,,,,,,
,,,,,,,
,,,,,,,
,,,,,,,
,,,,,,,
,,,,,,,
,,,,,,,
,,,,,,,
,,,,,,,
,,,,,,,
,,,,,,,
,,,,,,,
,,,,,,,
,,,,,,,
,,,,,,,
,,,,,,,
,,,,,,,
,,,,,,,
,,,,,,,
,,,,,,,
,,,,,,,
,,,,,,,
,,,,,,,
,,,,,,,
,,,,,,,
,,,,,,,
,,,,,,,
,,,,,,,
,,,,,,,
,,,,,,,
,,,,,,,
,,,,,,,
,,,,,,,
,,,,,,,
,,,,,,,
,,,,,,,
,,,,,,,
,,,,,,,
,,,,,,,
,,,,,,,
,,,,,,,
,,,,,,,
,,,,,,,
,,,,,,,
,,,,,,,
,,,,,,,
,,,,,,,
,,,,,,,
,,,,,,,
,,,,,,,
,,,,,,,
,,,,,,,
,,,,,,,
,,,,,,,
,,,,,,,
,,,,,,,
,,,,,,,
,,,,,,,
,,,,,,,
,,,,,,,
,,,,,,,
,,,,,,,
,,,,,,,
,,,,,,,
,,,,,,,
,,,,,,,
,,,,,,,
,,,,,,,
,,,,,,,
,,,,,,,
,,,,,,,
,,,,,,,
,,,,,,,
,,,,,,,
,,,,,,,
,,,,,,,
,,,,,,,
,,,,,,,
,,,,,,,
,,,,,,,
,,,,,,,
,,,,,,,
,,,,,,,
,,,,,,,
,,,,,,,
,,,,,,,
,,,,,,,
,,,,,,,
,,,,,,,
,,,,,,,
,,,,,,,
,,,,,,,
,,,,,,,
,,,,,,,
,,,,,,,
,,,,,,,
,,,,,,,
,,,,,,,
,,,,,,,
,,,,,,,
,,,,,,,
,,,,,,,
,,,,,,,
,,,,,,,
,,,,,,,
,,,,,,,
,,,,,,,
,,,,,,,
,,,,,,,
,,,,,,,
,,,,,,,
,,,,,,,
,,,,,,,
,,,,,,,
,,,,,,,
,,,,,,,
,,,,,,,
,,,,,,,
,,,,,,,
,,,,,,,
,,,,,,,
,,,,,,,
,,,,,,,
,,,,,,,
,,,,,,,
,,,,,,,
,,,,,,,
,,,,,,,
,,,,,,,
,,,,,,,
,,,,,,,
,,,,,,,
,,,,,,,
,,,,,,,
,,,,,,,
,,,,,,,
,,,,,,,
,,,,,,,
,,,,,,,
,,,,,,,
,,,,,,,
,,,,,,,
,,,,,,,
,,,,,,,
,,,,,,,
,,,,,,,
,,,,,,,
,,,,,,,
,,,,,,,
,,,,,,,
,,,,,,,
,,,,,,,
,,,,,,,
,,,,,,,
,,,,,,,
,,,,,,,
,,,,,,,
,,,,,,,
,,,,,,,
,,,,,,,
,,,,,,,
,,,,,,,
,,,,,,,
,,,,,,,
,,,,,,,
,,,,,,,
,,,,,,,
,,,,,,,
,,,,,,,
,,,,,,,
,,,,,,,
,,,,,,,
,,,,,,,
,,,,,,,
,,,,,,,
,,,,,,,
,,,,,,,
,,,,,,,
,,,,,,,
,,,,,,,
,,,,,,,
,,,,,,,
,,,,,,,
,,,,,,,
,,,,,,,
,,,,,,,
,,,,,,,
,,,,,,,
,,,,,,,
,,,,,,,
,,,,,,,
,,,,,,,
,,,,,,,
,,,,,,,
,,,,,,,
,,,,,,,
,,,,,,,
,,,,,,,
,,,,,,,
,,,,,,,
,,,,,,,
,,,,,,,
,,,,,,,
,,,,,,,
,,,,,,,
,,,,,,,
,,,,,,,
,,,,,,,
,,,,,,,
,,,,,,,
,,,,,,,
,,,,,,,
,,,,,,,
,,,,,,,
,,,,,,,
,,,,,,,
,,,,,,,
,,,,,,,
,,,,,,,
,,,,,,,
,,,,,,,
,,,,,,,
,,,,,,,
,,,,,,,
,,,,,,,
,,,,,,,
,,,,,,,
,,,,,,,
,,,,,,,
,,,,,,,
,,,,,,,
,,,,,,,
,,,,,,,
,,,,,,,
,,,,,,,
,,,,,,,
,,,,,,,
,,,,,,,
,,,,,,,
,,,,,,,
,,,,,,,
,,,,,,,
,,,,,,,
,,,,,,,
,,,,,,,
,,,,,,,
,,,,,,,
,,,,,,,
,,,,,,,
,,,,,,,
,,,,,,,
,,,,,,,
,,,,,,,
,,,,,,,
,,,,,,,
,,,,,,,
,,,,,,,
,,,,,,,
,,,,,,,
,,,,,,,
,,,,,,,
,,,,,,,
,,,,,,,
,,,,,,,
,,,,,,,
,,,,,,,
,,,,,,,
,,,,,,,
,,,,,,,
,,,,,,,
,,,,,,,
,,,,,,,
,,,,,,,
,,,,,,,
,,,,,,,
,,,,,,,
,,,,,,,
,,,,,,,
,,,,,,,
,,,,,,,
,,,,,,,
,,,,,,,
,,,,,,,
,,,,,,,
,,,,,,,
,,,,,,,
,,,,,,,
,,,,,,,
,,,,,,,
,,,,,,,
,,,,,,,
,,,,,,,
,,,,,,,
,,,,,,,
,,,,,,,
,,,,,,,
,,,,,,,
,,,,,,,
,,,,,,,
,,,,,,,
,,,,,,,
,,,,,,,
,,,,,,,
,,,,,,,
,,,,,,,
,,,,,,,
,,,,,,,
,,,,,,,
,,,,,,,
,,,,,,,
,,,,,,,
,,,,,,,
,,,,,,,
,,,,,,,
,,,,,,,
,,,,,,,
,,,,,,,
,,,,,,,
,,,,,,,
,,,,,,,
,,,,,,,
,,,,,,,
,,,,,,,
,,,,,,,
,,,,,,,
,,,,,,,
,,,,,,,
,,,,,,,
,,,,,,,
,,,,,,,
,,,,,,,
,,,,,,,
,,,,,,,
,,,,,,,
,,,,,,,
,,,,,,,
,,,,,,,
,,,,,,,
,,,,,,,
,,,,,,,
,,,,,,,
,,,,,,,
,,,,,,,
,,,,,,,
,,,,,,,
,,,,,,,
,,,,,,,
,,,,,,,
,,,,,,,
,,,,,,,
,,,,,,,
,,,,,,,
,,,,,,,
,,,,,,,
,,,,,,,
,,,,,,,
,,,,,,,
,,,,,,,
,,,,,,,
,,,,,,,
,,,,,,,
,,,,,,,
,,,,,,,
,,,,,,,
,,,,,,,
,,,,,,,
,,,,,,,
,,,,,,,
,,,,,,,
,,,,,,,
,,,,,,,
,,,,,,,
,,,,,,,
,,,,,,,
,,,,,,,
,,,,,,,
,,,,,,,
,,,,,,,
,,,,,,,
,,,,,,,
,,,,,,,
,,,,,,,
,,,,,,,
,,,,,,,
,,,,,,,
,,,,,,,
,,,,,,,
,,,,,,,
,,,,,,,
,,,,,,,
,,,,,,,
,,,,,,,
,,,,,,,
,,,,,,,
,,,,,,,
,,,,,,,
,,,,,,,
,,,,,,,
,,,,,,,
,,,,,,,
,,,,,,,
,,,,,,,
,,,,,,,
,,,,,,,
,,,,,,,
,,,,,,,
,,,,,,,
,,,,,,,
,,,,,,,
,,,,,,,
,,,,,,,
,,,,,,,
,,,,,,,
,,,,,,,
,,,,,,,
,,,,,,,
,,,,,,,
,,,,,,,
,,,,,,,
,,,,,,,
,,,,,,,
,,,,,,,
,,,,,,,
,,,,,,,
,,,,,,,
,,,,,,,
,,,,,,,
,,,,,,,
,,,,,,,
,,,,,,,
,,,,,,,
,,,,,,,
,,,,,,,
,,,,,,,
,,,,,,,
,,,,,,,
,,,,,,,
,,,,,,,
,,,,,,,
,,,,,,,
,,,,,,,
,,,,,,,
,,,,,,,
,,,,,,,